<?xml version="1.0" encoding="UTF-8" standalone="yes"?>
<addon id="repository.denti" name="my test" version="0.0.1" provider-name="denti">
	<extension point="xbmc.addon.repository" name="my test">
		<dir>
			<info compressed="false">https://raw.githubusercontent.com/noobsandnerds/modules4all/master/zips/addons.xml</info>
			<checksum>https://raw.githubusercontent.com/noobsandnerds/modules4all/master/zips/addons.xml.md5</checksum>
			<datadir zip="true">https://raw.githubusercontent.com/noobsandnerds/modules4all/master/zips/</datadir>
		</dir>
		<info compressed="false">https://raw.githubusercontent.com/denti72/repository.denti/master/zips/addons.xml</info>
		<checksum>https://raw.githubusercontent.com/denti72/repository.denti/master/zips/addons.xml.md5</checksum>
		<datadir zip="true">https://raw.githubusercontent.com/denti72/repository.denti/master/zips/</datadir>
	</extension>
	<extension point="xbmc.addon.metadata">
		<summary lang="en">testing my addon</summary>
		<description lang="en">testing my addon</description>
		<genre></genre>
	</extension>
</addon>